"","AllRich","HExp"
"Garden",6.6309165118679,0.597894490935235
"Wild",6.51547047032313,0.554548872572882
"p-value",0.691102223844845,0.964783977641497
